[
	{
		"inputs": [],
		"stateMutability": "nonpayable",
		"type": "constructor"
	},
	{
		"anonymous": false,
		"inputs": [
			{
				"indexed": false,
				"internalType": "address",
				"name": "previousAdmin",
				"type": "address"
			},
			{
				"indexed": false,
				"internalType": "address",
				"name": "newAdmin",
				"type": "address"
			}
		],
		"name": "AdminChanged",
		"type": "event"
	},
	{
		"anonymous": false,
		"inputs": [
			{
				"indexed": true,
				"internalType": "address",
				"name": "beacon",
				"type": "address"
			}
		],
		"name": "BeaconUpgraded",
		"type": "event"
	},
	{
		"anonymous": false,
		"inputs": [
			{
				"indexed": false,
				"internalType": "uint8",
				"name": "version",
				"type": "uint8"
			}
		],
		"name": "Initialized",
		"type": "event"
	},
	{
		"anonymous": false,
		"inputs": [
			{
				"indexed": true,
				"internalType": "address",
				"name": "caller",
				"type": "address"
			},
			{
				"indexed": false,
				"internalType": "uint8",
				"name": "lockerType",
				"type": "uint8"
			},
			{
				"indexed": false,
				"internalType": "uint256",
				"name": "ti",
				"type": "uint256"
			}
		],
		"name": "LockerCreated",
		"type": "event"
	},
	{
		"anonymous": false,
		"inputs": [
			{
				"indexed": true,
				"internalType": "address",
				"name": "previousOwner",
				"type": "address"
			},
			{
				"indexed": true,
				"internalType": "address",
				"name": "newOwner",
				"type": "address"
			}
		],
		"name": "OwnershipTransferred",
		"type": "event"
	},
	{
		"anonymous": false,
		"inputs": [
			{
				"indexed": true,
				"internalType": "address",
				"name": "implementation",
				"type": "address"
			}
		],
		"name": "Upgraded",
		"type": "event"
	},
	{
		"stateMutability": "payable",
		"type": "fallback"
	},
	{
		"inputs": [
			{
				"internalType": "address",
				"name": "token",
				"type": "address"
			},
			{
				"internalType": "address[]",
				"name": "lockerOwners",
				"type": "address[]"
			},
			{
				"internalType": "string",
				"name": "imageUrl",
				"type": "string"
			},
			{
				"internalType": "uint256",
				"name": "tokenAmount",
				"type": "uint256"
			},
			{
				"internalType": "uint32",
				"name": "maxApproval",
				"type": "uint32"
			},
			{
				"internalType": "uint8",
				"name": "lockerType",
				"type": "uint8"
			},
			{
				"internalType": "uint256",
				"name": "totalTimePeriod",
				"type": "uint256"
			},
			{
				"internalType": "uint256",
				"name": "offsetTime",
				"type": "uint256"
			},
			{
				"internalType": "uint32",
				"name": "numOfSlices",
				"type": "uint32"
			}
		],
		"name": "createLocker",
		"outputs": [],
		"stateMutability": "payable",
		"type": "function"
	},
	{
		"inputs": [],
		"name": "getCurrencyBalance",
		"outputs": [
			{
				"internalType": "uint256",
				"name": "balance",
				"type": "uint256"
			}
		],
		"stateMutability": "view",
		"type": "function"
	},
	{
		"inputs": [],
		"name": "getFee",
		"outputs": [
			{
				"internalType": "uint256",
				"name": "_fee",
				"type": "uint256"
			}
		],
		"stateMutability": "view",
		"type": "function"
	},
	{
		"inputs": [],
		"name": "getMapper",
		"outputs": [
			{
				"internalType": "address",
				"name": "factoryHelper",
				"type": "address"
			}
		],
		"stateMutability": "view",
		"type": "function"
	},
	{
		"inputs": [
			{
				"internalType": "uint256",
				"name": "_fee",
				"type": "uint256"
			}
		],
		"name": "initialize",
		"outputs": [],
		"stateMutability": "nonpayable",
		"type": "function"
	},
	{
		"inputs": [],
		"name": "owner",
		"outputs": [
			{
				"internalType": "address",
				"name": "",
				"type": "address"
			}
		],
		"stateMutability": "view",
		"type": "function"
	},
	{
		"inputs": [],
		"name": "proxiableUUID",
		"outputs": [
			{
				"internalType": "bytes32",
				"name": "",
				"type": "bytes32"
			}
		],
		"stateMutability": "view",
		"type": "function"
	},
	{
		"inputs": [],
		"name": "renounceOwnership",
		"outputs": [],
		"stateMutability": "nonpayable",
		"type": "function"
	},
	{
		"inputs": [
			{
				"internalType": "uint256",
				"name": "_fee",
				"type": "uint256"
			}
		],
		"name": "setFee",
		"outputs": [],
		"stateMutability": "nonpayable",
		"type": "function"
	},
	{
		"inputs": [
			{
				"internalType": "address",
				"name": "_address",
				"type": "address"
			}
		],
		"name": "setMapper",
		"outputs": [],
		"stateMutability": "nonpayable",
		"type": "function"
	},
	{
		"inputs": [
			{
				"internalType": "address",
				"name": "newOwner",
				"type": "address"
			}
		],
		"name": "transferOwnership",
		"outputs": [],
		"stateMutability": "nonpayable",
		"type": "function"
	},
	{
		"inputs": [
			{
				"internalType": "address",
				"name": "newImplementation",
				"type": "address"
			}
		],
		"name": "upgradeTo",
		"outputs": [],
		"stateMutability": "nonpayable",
		"type": "function"
	},
	{
		"inputs": [
			{
				"internalType": "address",
				"name": "newImplementation",
				"type": "address"
			},
			{
				"internalType": "bytes",
				"name": "data",
				"type": "bytes"
			}
		],
		"name": "upgradeToAndCall",
		"outputs": [],
		"stateMutability": "payable",
		"type": "function"
	},
	{
		"inputs": [],
		"name": "withdrawCurrency",
		"outputs": [
			{
				"internalType": "bool",
				"name": "sent",
				"type": "bool"
			}
		],
		"stateMutability": "nonpayable",
		"type": "function"
	},
	{
		"inputs": [
			{
				"internalType": "address",
				"name": "token",
				"type": "address"
			}
		],
		"name": "withdrawToken",
		"outputs": [
			{
				"internalType": "bool",
				"name": "sent",
				"type": "bool"
			}
		],
		"stateMutability": "nonpayable",
		"type": "function"
	},
	{
		"stateMutability": "payable",
		"type": "receive"
	}
]