[
	{
		"inputs": [
			{
				"internalType": "address",
				"name": "_factoryAddress",
				"type": "address"
			},
			{
				"internalType": "string",
				"name": "_imageURL",
				"type": "string"
			},
			{
				"internalType": "address",
				"name": "_admin",
				"type": "address"
			},
			{
				"internalType": "address",
				"name": "_tokenAddress",
				"type": "address"
			},
			{
				"internalType": "address[]",
				"name": "_walletOwners",
				"type": "address[]"
			},
			{
				"internalType": "uint32",
				"name": "_maxApprovals",
				"type": "uint32"
			}
		],
		"stateMutability": "nonpayable",
		"type": "constructor"
	},
	{
		"anonymous": false,
		"inputs": [
			{
				"indexed": false,
				"internalType": "address",
				"name": "sender",
				"type": "address"
			},
			{
				"indexed": false,
				"internalType": "address",
				"name": "receiver",
				"type": "address"
			},
			{
				"indexed": false,
				"internalType": "uint256",
				"name": "amount",
				"type": "uint256"
			},
			{
				"indexed": false,
				"internalType": "uint256",
				"name": "id",
				"type": "uint256"
			},
			{
				"indexed": false,
				"internalType": "uint256",
				"name": "approvals",
				"type": "uint256"
			},
			{
				"indexed": false,
				"internalType": "uint256",
				"name": "timeOfTransaction",
				"type": "uint256"
			}
		],
		"name": "fundsTransfered",
		"type": "event"
	},
	{
		"anonymous": false,
		"inputs": [
			{
				"indexed": false,
				"internalType": "address",
				"name": "sender",
				"type": "address"
			},
			{
				"indexed": false,
				"internalType": "address",
				"name": "receiver",
				"type": "address"
			},
			{
				"indexed": false,
				"internalType": "uint256",
				"name": "amount",
				"type": "uint256"
			},
			{
				"indexed": false,
				"internalType": "uint256",
				"name": "id",
				"type": "uint256"
			},
			{
				"indexed": false,
				"internalType": "uint256",
				"name": "approvals",
				"type": "uint256"
			},
			{
				"indexed": false,
				"internalType": "uint256",
				"name": "timeOfTransaction",
				"type": "uint256"
			}
		],
		"name": "transferApproved",
		"type": "event"
	},
	{
		"anonymous": false,
		"inputs": [
			{
				"indexed": false,
				"internalType": "address",
				"name": "sender",
				"type": "address"
			},
			{
				"indexed": false,
				"internalType": "address",
				"name": "receiver",
				"type": "address"
			},
			{
				"indexed": false,
				"internalType": "uint256",
				"name": "amount",
				"type": "uint256"
			},
			{
				"indexed": false,
				"internalType": "uint256",
				"name": "id",
				"type": "uint256"
			},
			{
				"indexed": false,
				"internalType": "uint256",
				"name": "approvals",
				"type": "uint256"
			},
			{
				"indexed": false,
				"internalType": "uint256",
				"name": "timeOfTransaction",
				"type": "uint256"
			}
		],
		"name": "transferCancelled",
		"type": "event"
	},
	{
		"anonymous": false,
		"inputs": [
			{
				"indexed": false,
				"internalType": "address",
				"name": "sender",
				"type": "address"
			},
			{
				"indexed": false,
				"internalType": "address",
				"name": "receiver",
				"type": "address"
			},
			{
				"indexed": false,
				"internalType": "uint256",
				"name": "amount",
				"type": "uint256"
			},
			{
				"indexed": false,
				"internalType": "uint256",
				"name": "id",
				"type": "uint256"
			},
			{
				"indexed": false,
				"internalType": "uint256",
				"name": "approvals",
				"type": "uint256"
			},
			{
				"indexed": false,
				"internalType": "uint256",
				"name": "timeOfTransaction",
				"type": "uint256"
			}
		],
		"name": "transferCreated",
		"type": "event"
	},
	{
		"inputs": [],
		"name": "approveTransferRequest",
		"outputs": [],
		"stateMutability": "nonpayable",
		"type": "function"
	},
	{
		"inputs": [],
		"name": "cancelTransferRequest",
		"outputs": [],
		"stateMutability": "nonpayable",
		"type": "function"
	},
	{
		"inputs": [
			{
				"internalType": "address",
				"name": "destiantion",
				"type": "address"
			}
		],
		"name": "emergencyTokenWithdraw",
		"outputs": [],
		"stateMutability": "nonpayable",
		"type": "function"
	},
	{
		"inputs": [],
		"name": "extraAmountWithdraw",
		"outputs": [],
		"stateMutability": "nonpayable",
		"type": "function"
	},
	{
		"inputs": [
			{
				"internalType": "address",
				"name": "userAddress",
				"type": "address"
			}
		],
		"name": "getApprovals",
		"outputs": [
			{
				"internalType": "bool",
				"name": "isApproved",
				"type": "bool"
			}
		],
		"stateMutability": "view",
		"type": "function"
	},
	{
		"inputs": [],
		"name": "getBothAmount",
		"outputs": [
			{
				"internalType": "uint256",
				"name": "extraAmount",
				"type": "uint256"
			},
			{
				"internalType": "uint256",
				"name": "holdAmount",
				"type": "uint256"
			}
		],
		"stateMutability": "view",
		"type": "function"
	},
	{
		"inputs": [],
		"name": "getInitiator",
		"outputs": [
			{
				"internalType": "address",
				"name": "",
				"type": "address"
			}
		],
		"stateMutability": "view",
		"type": "function"
	},
	{
		"inputs": [],
		"name": "getLockerDetail",
		"outputs": [
			{
				"components": [
					{
						"internalType": "uint256",
						"name": "startTime",
						"type": "uint256"
					},
					{
						"internalType": "uint256",
						"name": "remaingTime",
						"type": "uint256"
					},
					{
						"internalType": "address",
						"name": "beneficiarAddress",
						"type": "address"
					},
					{
						"internalType": "address",
						"name": "tokenAddress",
						"type": "address"
					},
					{
						"internalType": "address[]",
						"name": "walletOwners",
						"type": "address[]"
					},
					{
						"internalType": "uint256",
						"name": "amountToHold",
						"type": "uint256"
					},
					{
						"internalType": "uint32",
						"name": "maxApprovals",
						"type": "uint32"
					},
					{
						"internalType": "address",
						"name": "initiator",
						"type": "address"
					},
					{
						"internalType": "string",
						"name": "imageURL",
						"type": "string"
					},
					{
						"internalType": "bool",
						"name": "isSent",
						"type": "bool"
					}
				],
				"internalType": "struct LPLocker.LockerDetail",
				"name": "lockerDetails",
				"type": "tuple"
			}
		],
		"stateMutability": "view",
		"type": "function"
	},
	{
		"inputs": [],
		"name": "getRemainingTime",
		"outputs": [
			{
				"internalType": "uint256",
				"name": "",
				"type": "uint256"
			}
		],
		"stateMutability": "view",
		"type": "function"
	},
	{
		"inputs": [],
		"name": "getTransferRequest",
		"outputs": [
			{
				"components": [
					{
						"internalType": "address",
						"name": "sender",
						"type": "address"
					},
					{
						"internalType": "address",
						"name": "receiver",
						"type": "address"
					},
					{
						"internalType": "uint256",
						"name": "amount",
						"type": "uint256"
					},
					{
						"internalType": "uint256",
						"name": "id",
						"type": "uint256"
					},
					{
						"internalType": "uint256",
						"name": "approvals",
						"type": "uint256"
					},
					{
						"internalType": "uint256",
						"name": "timeOfTransaction",
						"type": "uint256"
					},
					{
						"internalType": "bool",
						"name": "isSent",
						"type": "bool"
					}
				],
				"internalType": "struct LPLocker.Transfer",
				"name": "transfer",
				"type": "tuple"
			}
		],
		"stateMutability": "view",
		"type": "function"
	},
	{
		"inputs": [],
		"name": "getWalletOners",
		"outputs": [
			{
				"internalType": "address[]",
				"name": "_walletOwners",
				"type": "address[]"
			}
		],
		"stateMutability": "view",
		"type": "function"
	},
	{
		"inputs": [],
		"name": "initiateTransaferRequest",
		"outputs": [],
		"stateMutability": "nonpayable",
		"type": "function"
	},
	{
		"inputs": [
			{
				"internalType": "address",
				"name": "_beneficiar",
				"type": "address"
			},
			{
				"internalType": "uint256",
				"name": "_amounttoHold",
				"type": "uint256"
			},
			{
				"internalType": "uint256",
				"name": "timePeriod",
				"type": "uint256"
			}
		],
		"name": "setLock",
		"outputs": [],
		"stateMutability": "nonpayable",
		"type": "function"
	}
]