[
	{
		"inputs": [],
		"stateMutability": "nonpayable",
		"type": "constructor"
	},
	{
		"anonymous": false,
		"inputs": [
			{
				"indexed": false,
				"internalType": "address",
				"name": "previousAdmin",
				"type": "address"
			},
			{
				"indexed": false,
				"internalType": "address",
				"name": "newAdmin",
				"type": "address"
			}
		],
		"name": "AdminChanged",
		"type": "event"
	},
	{
		"anonymous": false,
		"inputs": [
			{
				"indexed": true,
				"internalType": "address",
				"name": "beacon",
				"type": "address"
			}
		],
		"name": "BeaconUpgraded",
		"type": "event"
	},
	{
		"anonymous": false,
		"inputs": [
			{
				"indexed": false,
				"internalType": "uint8",
				"name": "version",
				"type": "uint8"
			}
		],
		"name": "Initialized",
		"type": "event"
	},
	{
		"anonymous": false,
		"inputs": [
			{
				"indexed": true,
				"internalType": "address[]",
				"name": "creators",
				"type": "address[]"
			},
			{
				"indexed": true,
				"internalType": "address",
				"name": "lockerAddr",
				"type": "address"
			},
			{
				"indexed": false,
				"internalType": "enum Mapper.LockerType",
				"name": "lockerType",
				"type": "uint8"
			}
		],
		"name": "LockerCreated",
		"type": "event"
	},
	{
		"anonymous": false,
		"inputs": [
			{
				"indexed": true,
				"internalType": "address",
				"name": "_prevOwner",
				"type": "address"
			},
			{
				"indexed": true,
				"internalType": "address",
				"name": "_newOwner",
				"type": "address"
			}
		],
		"name": "OwnerChanged",
		"type": "event"
	},
	{
		"anonymous": false,
		"inputs": [
			{
				"indexed": true,
				"internalType": "address",
				"name": "previousOwner",
				"type": "address"
			},
			{
				"indexed": true,
				"internalType": "address",
				"name": "newOwner",
				"type": "address"
			}
		],
		"name": "OwnershipTransferred",
		"type": "event"
	},
	{
		"anonymous": false,
		"inputs": [
			{
				"indexed": true,
				"internalType": "address",
				"name": "implementation",
				"type": "address"
			}
		],
		"name": "Upgraded",
		"type": "event"
	},
	{
		"inputs": [
			{
				"internalType": "uint8",
				"name": "lockerType",
				"type": "uint8"
			},
			{
				"internalType": "address",
				"name": "lockerAddr",
				"type": "address"
			},
			{
				"internalType": "address[]",
				"name": "lockerOwners",
				"type": "address[]"
			}
		],
		"name": "addLockerDetail",
		"outputs": [],
		"stateMutability": "nonpayable",
		"type": "function"
	},
	{
		"inputs": [
			{
				"internalType": "uint256",
				"name": "page",
				"type": "uint256"
			},
			{
				"internalType": "uint256",
				"name": "size",
				"type": "uint256"
			}
		],
		"name": "getCompleteAddressList",
		"outputs": [
			{
				"internalType": "address[]",
				"name": "paginatedAddresses",
				"type": "address[]"
			}
		],
		"stateMutability": "view",
		"type": "function"
	},
	{
		"inputs": [],
		"name": "getFactory",
		"outputs": [
			{
				"internalType": "address",
				"name": "_factoryAddr",
				"type": "address"
			}
		],
		"stateMutability": "view",
		"type": "function"
	},
	{
		"inputs": [
			{
				"internalType": "address",
				"name": "lockerAddr",
				"type": "address"
			}
		],
		"name": "getLockerDetail",
		"outputs": [
			{
				"internalType": "uint8",
				"name": "lockerType",
				"type": "uint8"
			},
			{
				"internalType": "address[]",
				"name": "user",
				"type": "address[]"
			}
		],
		"stateMutability": "view",
		"type": "function"
	},
	{
		"inputs": [
			{
				"internalType": "address",
				"name": "_factoryAddr",
				"type": "address"
			}
		],
		"name": "initialize",
		"outputs": [],
		"stateMutability": "nonpayable",
		"type": "function"
	},
	{
		"inputs": [],
		"name": "owner",
		"outputs": [
			{
				"internalType": "address",
				"name": "",
				"type": "address"
			}
		],
		"stateMutability": "view",
		"type": "function"
	},
	{
		"inputs": [],
		"name": "proxiableUUID",
		"outputs": [
			{
				"internalType": "bytes32",
				"name": "",
				"type": "bytes32"
			}
		],
		"stateMutability": "view",
		"type": "function"
	},
	{
		"inputs": [],
		"name": "recentLockers",
		"outputs": [
			{
				"internalType": "address[]",
				"name": "addresses",
				"type": "address[]"
			}
		],
		"stateMutability": "view",
		"type": "function"
	},
	{
		"inputs": [],
		"name": "renounceOwnership",
		"outputs": [],
		"stateMutability": "nonpayable",
		"type": "function"
	},
	{
		"inputs": [
			{
				"internalType": "address",
				"name": "_address",
				"type": "address"
			}
		],
		"name": "setFactory",
		"outputs": [],
		"stateMutability": "nonpayable",
		"type": "function"
	},
	{
		"inputs": [],
		"name": "totalLockers",
		"outputs": [
			{
				"internalType": "uint256",
				"name": "totalLocker",
				"type": "uint256"
			}
		],
		"stateMutability": "view",
		"type": "function"
	},
	{
		"inputs": [
			{
				"internalType": "address",
				"name": "newOwner",
				"type": "address"
			}
		],
		"name": "transferOwnership",
		"outputs": [],
		"stateMutability": "nonpayable",
		"type": "function"
	},
	{
		"inputs": [
			{
				"internalType": "address",
				"name": "newImplementation",
				"type": "address"
			}
		],
		"name": "upgradeTo",
		"outputs": [],
		"stateMutability": "nonpayable",
		"type": "function"
	},
	{
		"inputs": [
			{
				"internalType": "address",
				"name": "newImplementation",
				"type": "address"
			},
			{
				"internalType": "bytes",
				"name": "data",
				"type": "bytes"
			}
		],
		"name": "upgradeToAndCall",
		"outputs": [],
		"stateMutability": "payable",
		"type": "function"
	},
	{
		"inputs": [
			{
				"internalType": "address",
				"name": "lockerOwner",
				"type": "address"
			}
		],
		"name": "userLockerAddresses",
		"outputs": [
			{
				"internalType": "address[]",
				"name": "allAddresses",
				"type": "address[]"
			}
		],
		"stateMutability": "view",
		"type": "function"
	},
	{
		"inputs": [
			{
				"internalType": "address",
				"name": "_lockerOwner",
				"type": "address"
			}
		],
		"name": "usersTotalLocker",
		"outputs": [
			{
				"internalType": "uint256",
				"name": "totalLocker",
				"type": "uint256"
			}
		],
		"stateMutability": "view",
		"type": "function"
	}
]